{"trial_data": [["{\n  \"stub\": false,\n  \"trainable_name\": \"TorchTrainer\",\n  \"trial_id\": \"6838bbaf\",\n  \"storage\": {\n    \"_type\": \"CLOUDPICKLE_FALLBACK\",\n    \"value\": \"80059514030000000000008c1b7261792e747261696e2e5f696e7465726e616c2e73746f72616765948c0e53746f72616765436f6e746578749493942981947d94288c12637573746f6d5f66735f70726f766964656494898c136578706572696d656e745f6469725f6e616d65948c0e76335f6c617267655f6465627567948c0e747269616c5f6469725f6e616d65948c81546f726368547261696e65725f36383338626261665f315f616c7068613d322c6c6561726e696e675f726174653d302e303030302c7065725f6465766963655f747261696e5f62617463685f73697a653d322c72616e6b3d392c7761726d75705f726174696f3d302e303030305f323032352d30372d32345f31332d33322d3433948c1863757272656e745f636865636b706f696e745f696e646578944affffffff8c0b73796e635f636f6e666967948c097261792e747261696e948c0a53796e63436f6e6669679493942981947d94288c0b73796e635f706572696f64944d2c018c0c73796e635f74696d656f7574944d08078c0e73796e635f61727469666163747394898c1c73796e635f6172746966616374735f6f6e5f636865636b706f696e74948875628c1273746f726167655f66696c6573797374656d948c0b70796172726f772e5f6673948c1446696c6553797374656d2e5f66726f6d5f7572699493948c0966696c653a2f2f2f5f94859452948c0f73746f726167655f66735f70617468948c4a2f55736572732f63687276742f446f63756d656e74732f4769744875622f6173722d66696e6574756e652f66696e6574756e652f6d696e696d616c5f76657273696f6e2f6f7574707574948c0673796e6365729468008c115f46696c6573797374656d53796e6365729493942981947d94286815681b68114d2c0168124d08078c116c6173745f73796e635f75705f74696d659447fff00000000000008c136c6173745f73796e635f646f776e5f74696d659447fff00000000000008c0d5f73796e635f70726f63657373944e8c0c5f63757272656e745f636d64944e75628c0a5f74696d657374616d70948c13323032352d30372d32345f31332d33322d34339475622e\"\n  },\n  \"config\": {\n    \"train_loop_config\": {\n      \"per_device_train_batch_size\": 2,\n      \"warmup_ratio\": 0.0,\n      \"learning_rate\": 3.493543447257372e-05,\n      \"rank\": 9,\n      \"alpha\": 2\n    }\n  },\n  \"_Trial__unresolved_config\": {\n    \"train_loop_config\": {\n      \"per_device_train_batch_size\": 2,\n      \"warmup_ratio\": 0.0,\n      \"learning_rate\": 3.493543447257372e-05,\n      \"rank\": 9,\n      \"alpha\": 2\n    }\n  },\n  \"evaluated_params\": {\n    \"train_loop_config/per_device_train_batch_size\": 2,\n    \"train_loop_config/learning_rate\": 3.493543447257372e-05,\n    \"train_loop_config/rank\": 9,\n    \"train_loop_config/alpha\": 2\n  },\n  \"experiment_tag\": \"1_alpha=2,learning_rate=0.0000,per_device_train_batch_size=2,rank=9,warmup_ratio=0.0000\",\n  \"stopping_criterion\": {},\n  \"_setup_default_resource\": true,\n  \"_default_placement_group_factory\": \"80054e2e\",\n  \"placement_group_factory\": \"800595bc000000000000008c237261792e74756e652e657865637574696f6e2e706c6163656d656e745f67726f757073948c15506c6163656d656e7447726f7570466163746f72799493942981947d94288c085f62756e646c6573945d947d94288c03435055944740080000000000008c0347505594473fe000000000000075618c155f686561645f62756e646c655f69735f656d70747994888c095f7374726174656779948c06535052454144948c055f6172677394298c075f6b7761726773947d9475622e\",\n  \"log_to_file\": [\n    null,\n    null\n  ],\n  \"max_failures\": 0,\n  \"_default_result_or_future\": null,\n  \"export_formats\": [],\n  \"status\": \"PENDING\",\n  \"relative_logdir\": \"TorchTrainer_6838bbaf_1_alpha=2,learning_rate=0.0000,per_device_train_batch_size=2,rank=9,warmup_ratio=0.0000_2025-07-24_13-32-43\",\n  \"trial_name_creator\": null,\n  \"trial_dirname_creator\": null,\n  \"custom_trial_name\": null,\n  \"custom_dirname\": null,\n  \"restore_path\": null,\n  \"_restore_checkpoint_result\": null,\n  \"_state_json\": null,\n  \"results\": \"80054e2e\",\n  \"extra_arg\": \"80054e2e\",\n  \"_resources\": \"80054e2e\"\n}", "{\n  \"start_time\": null,\n  \"num_failures\": 0,\n  \"num_failures_after_restore\": 0,\n  \"error_filename\": null,\n  \"pickled_error_filename\": null,\n  \"last_result\": {},\n  \"last_result_time\": -Infinity,\n  \"metric_analysis\": {},\n  \"_n_steps\": [\n    5,\n    10\n  ],\n  \"metric_n_steps\": {},\n  \"checkpoint_manager\": {\n    \"_type\": \"CLOUDPICKLE_FALLBACK\",\n    \"value\": \"80059590010000000000008c267261792e747261696e2e5f696e7465726e616c2e636865636b706f696e745f6d616e61676572948c125f436865636b706f696e744d616e616765729493942981947d94288c125f636865636b706f696e745f636f6e666967948c097261792e747261696e948c10436865636b706f696e74436f6e6669679493942981947d94288c0b6e756d5f746f5f6b656570944b018c1a636865636b706f696e745f73636f72655f617474726962757465948c096576616c5f6c6f7373948c16636865636b706f696e745f73636f72655f6f72646572948c036d696e948c14636865636b706f696e745f6672657175656e6379944b008c11636865636b706f696e745f61745f656e6494898c1a5f636865636b706f696e745f6b6565705f616c6c5f72616e6b73948c0a44455052454341544544948c1f5f636865636b706f696e745f75706c6f61645f66726f6d5f776f726b65727394681375628c135f636865636b706f696e745f726573756c7473945d948c195f6c61746573745f636865636b706f696e745f726573756c74944e75622e\"\n  }\n}"]], "runner_data": {"_earliest_stopping_actor": Infinity, "_actor_cleanup_timeout": 600, "_actor_force_cleanup_timeout": 10, "_reuse_actors": true, "_buffer_length": 1, "_buffer_min_time_s": 0.0, "_buffer_max_time_s": 100.0, "_max_pending_trials": 1, "_metric": "eval_loss", "_total_time": 0, "_iteration": 3093, "_has_errored": false, "_fail_fast": false, "_print_trial_errors": true, "_cached_trial_decisions": {}, "_queued_trial_decisions": {}, "_should_stop_experiment": false, "_stopper": {"_type": "CLOUDPICKLE_FALLBACK", "value": "8005952c000000000000008c157261792e74756e652e73746f707065722e6e6f6f70948c0b4e6f6f7053746f707065729493942981942e"}, "_start_time": 1753356763.7242298, "_session_str": "2025-07-24_13-32-43", "_checkpoint_period": "auto", "_trial_checkpoint_config": {"_type": "CLOUDPICKLE_FALLBACK", "value": "800595fe000000000000008c097261792e747261696e948c10436865636b706f696e74436f6e6669679493942981947d94288c0b6e756d5f746f5f6b656570944b018c1a636865636b706f696e745f73636f72655f617474726962757465948c096576616c5f6c6f7373948c16636865636b706f696e745f73636f72655f6f72646572948c036d696e948c14636865636b706f696e745f6672657175656e6379944b008c11636865636b706f696e745f61745f656e6494898c1a5f636865636b706f696e745f6b6565705f616c6c5f72616e6b73948c0a44455052454341544544948c1f5f636865636b706f696e745f75706c6f61645f66726f6d5f776f726b65727394680d75622e"}, "_resumed": false}, "stats": {"start_time": 1753356763.7242298}}